url,redirect
company,about-us/about-our-company
company/corporate-responsibility,about-us/about-our-company
company/gartner-magic-quadrant,about-us/about-our-company
company/history,about-us/about-our-company
company/leadership/brian-shepherd,about-us/about-our-company
company/leadership/carol-kline,about-us/about-our-company
company/leadership/carol-klinehttp:/www.teletech.com/media/2738262/teletech_ci_teletech_at-home_data_sheet.pdf,about-us/about-our-company
company/leadership/james-barlett,about-us/about-our-company
company/leadership/judi-hand,about-us/about-our-company
company/leadership/keith-gallacher,about-us/about-our-company
company/leadership/kenneth-tuchman,about-us/about-our-company
company/leadership/margaret-mclean,about-us/about-our-company
company/leadership/mark-grindeland,about-us/about-our-company
company/leadership/martin-deghetto,about-us/about-our-company
company/leadership/raj-dani,about-us/about-our-company
company/leadership/regina-paolillo,about-us/about-our-company
company/leadership/richard-bledsoe,
en-us,
en-US/about,
EN-US/About/TeleTechFoundation,
en-US/about/whatwedo,
en-US/about/whoweare/company%2leadership/,
en-US/about/worldwidelocations,
en-US/careers,
en-US/industries/hostedtechnology,
en-US/investors,
en-US/investors/conferencecalls,
en-us/landingpages/direct-sales.html,
en-us/landingpages/solutions.html,
en-US/newsroom/factsheet,
en-US/newsroom/pressreleases,
en-US/solutions/businessconsulting,
en-US/solutions/solutionsoverview/customerinnovation,
EN-US/solutions/solutionsoverview/EnterpriseInnovation,
en-US/solutions/solutionsoverview/HostedTechnology,
en-US/solutions/solutionsoverview/LearningInnovation,
en-US/solutions/solutionsoverview/professionalservices,
en-US/solutions/solutionsoverview/revenuegeneration,
investors/financial-reporting/quarterly-results/1999/teletech-reports-record-fourth-quarter-and-1999-results-1999-e-commerce-revenues-grow-73-percent,
investors/financial-reporting/quarterly-results/2000/teletech-reports-fourth-quarter-and-year-end-2000-financial-results,
investors/financial-reporting/quarterly-results/2000/teletech-reports-fourth-quarter-and-year-end-2000-financial-results-(1),
investors/financial-reporting/quarterly-results/2000/teletech-reports-record-first-quarter-results,
investors/financial-reporting/quarterly-results/2000/teletech-reports-record-third-quarter-financial-results,
"investors/financial-reporting/quarterly-results/2000/teletech-second-quarter-revenues-increase-51-to-a-record-$182-million,-led-by-e-commerce-revenue-growth-of-94",investors
investors/financial-reporting/quarterly-results/2001/teletech-reports-first-quarter-2001-financial-results-company-implements-cost-cutting-actions-to-improve-long-term-profitability,investors
investors/financial-reporting/quarterly-results/2001/teletech-reports-fourth-quarter-2001-financial-results,investors
investors/financial-reporting/quarterly-results/2001/teletech-reports-second-quarter-2001-financial-results,investors
investors/financial-reporting/quarterly-results/2001/teletech-reports-third-quarter-2001-financial-results-in-line-with-previous-guidance,investors
investors/financial-reporting/quarterly-results/2002/teletech-reports-first-quarter-2002-financial-results-in-line-with-company-guidance,investors
investors/financial-reporting/quarterly-results/2002/teletech-reports-fourth-quarter-2002-financial-results,investors
investors/financial-reporting/quarterly-results/2002/teletech-reports-second-quarter-2002-financial-results-in-line-with-company-guidance,investors
investors/financial-reporting/quarterly-results/2002/teletech-reports-third-quarter-2002-financial-results-in-line-with-company-guidance,investors
investors/financial-reporting/quarterly-results/2003/teletech-reports-first-quarter-2003-financial-results,investors
investors/financial-reporting/quarterly-results/2003/teletech-reports-fourth-quarter-and-full-year-2003-financial-results,investors
investors/financial-reporting/quarterly-results/2003/teletech-reports-second-quarter-2003-financial-results,investors
investors/financial-reporting/quarterly-results/2003/teletech-reports-third-quarter-2003-net-income-of-$2-million-and-earnings-per-share-of-3-cents-generates-more-than-$28-million-of-free-cash-flow,investors
investors/financial-reporting/quarterly-results/2004/teletech-reports-first-quarter-2004-financial-results,investors
investors/financial-reporting/quarterly-results/2004/teletech-reports-fourth-quarter-and-full-year-2004-financial-results,investors
investors/financial-reporting/quarterly-results/2004/teletech-reports-second-quarter-2004-financial-results,investors
investors/financial-reporting/quarterly-results/2004/teletech-reports-third-quarter-2004-financial-results,investors
investors/financial-reporting/quarterly-results/2005/teletech-reports-first-quarter-2005-financial-results,investors
investors/financial-reporting/quarterly-results/2005/teletech-reports-fourth-quarter-2005-financial-results,investors
investors/financial-reporting/quarterly-results/2005/teletech-reports-second-quarter-2005-financial-results,investors
investors/financial-reporting/quarterly-results/2005/teletech-reports-third-quarter-2005-financial-results,investors
investors/financial-reporting/quarterly-results/2006/teletech-reports-first-quarter-2006-financial-results,investors
investors/financial-reporting/quarterly-results/2006/teletech-reports-second-quarter-2006-financial-results,investors
investors/financial-reporting/quarterly-results/2006/teletech-reports-third-quarter-2006-financial-results,investors
investors/financial-reporting/quarterly-results/2007/teletech-announces-fourth-quarter-2007-business-highlights,investors
investors/financial-reporting/quarterly-results/2007/teletech-reports-preliminary-third-quarter-results,investors
investors/financial-reporting/quarterly-results/2007/teletech-reports-record-first-quarter-results,investors
investors/financial-reporting/quarterly-results/2007/teletech-reports-second-quarter-results,investors
investors/financial-reporting/quarterly-results/2008/teletech-announces-first-quarter-2008-business-highlights,investors
investors/financial-reporting/quarterly-results/2008/teletech-announces-fourth-quarter-and-full-year-2008-financial-results,investors
investors/financial-reporting/quarterly-results/2008/teletech-announces-second-quarter-2008-financial-results,investors
investors/financial-reporting/quarterly-results/2008/teletech-announces-third-quarter-2008-financial-results,investors
investors/financial-reporting/quarterly-results/2009/teletech-announces-first-quarter-2009-financial-results,investors
investors/financial-reporting/quarterly-results/2009/teletech-announces-fourth-quarter-and-full-year-2009-financial-results,investors
investors/financial-reporting/quarterly-results/2009/teletech-announces-second-quarter-2009-financial-results,investors
investors/financial-reporting/quarterly-results/2009/teletech-announces-third-quarter-2009-financial-results,investors
investors/financial-reporting/quarterly-results/2010/teletech-announces-first-quarter-2010-financial-results,investors
investors/financial-reporting/quarterly-results/2010/teletech-announces-fourth-quarter-and-full-year-2010-financial-results,investors
investors/financial-reporting/quarterly-results/2010/teletech-announces-second-quarter-2010-financial-results,investors
investors/financial-reporting/quarterly-results/2010/teletech-announces-third-quarter-2010-financial-results-,investors
investors/financial-reporting/quarterly-results/2011/teletech-announces-first-quarter-2011-financial-results,investors
investors/financial-reporting/quarterly-results/2011/teletech-announces-fourth-quarter-and-full-year-2011-financial-results,investors
investors/financial-reporting/quarterly-results/2011/teletech-announces-second-quarter-2011-financial-results,investors
investors/financial-reporting/quarterly-results/2011/teletech-announces-third-quarter-2011-financial-results,investors
investors/financial-reporting/quarterly-results/2012/teletech-announces-first-quarter-2012-financial-results,investors
investors/financial-reporting/quarterly-results/2012/teletech-announces-second-quarter-2012-financial-results,investors
investors/financial-reporting/quarterly-results/2013/teletech-announces-fourth-quarter-and-full-year-2013-financial-results,investors
investors/press-releases/2000/enhansiv-appoints-frank-smith-as-vice-president-of-operations,investors
investors/press-releases/2000/enhansiv-appoints-salim-sunderji-as-chief-financial-officer,investors
investors/press-releases/2000/enhansiv-awarded-contract-from-canon-its-to-provide-ecrm-technology-solution,investors
"investors/press-releases/2000/ford,-teletech-launch-percepta,-a-joint-venture-to-serve-customers-around-the-world",investors
investors/press-releases/2000/joint-announcement-by-teletech-and-northern-ireland-delegation-thursday-at-westin-tabor-center,investors
investors/press-releases/2000/teletech-acquires-largest-privately-held-customer-management-company-in-spain,investors
investors/press-releases/2000/teletech-and-e-profile-to-deliver-world-class-ecrm-solutions-for-internet-financial-services-industry,investors
investors/press-releases/2000/teletech-and-ixl-form-strategic-alliance-to-deliver-e-commerce-solutions,investors
investors/press-releases/2000/teletech-and-newgen-results-announce-receipt-of-regulatory-approvals-newgen-results-corporation-shareholder-meeting-set,investors
investors/press-releases/2000/teletech-and-pricewaterhousecoopers-form-global-strategic-alliance-to-deliver-world-class-ecrm-solutions,investors
investors/press-releases/2000/teletech-and-the-san-joaquin-partnership-to-bring-hundreds-of-jobs-to-stockton,investors
investors/press-releases/2000/teletech-and-vitessa-form-strategic-alliance-and-co-marketing-relationship,investors
investors/press-releases/2000/teletech-announces-agreement-with-northpoint-communications,investors
investors/press-releases/2000/teletech-announces-long-term-agreement-with-healthmarket,investors
"investors/press-releases/2000/teletech-announces-long-term-agreement-with-netsmart,-inc",investors
"investors/press-releases/2000/teletech-appoints-james-e-barlett-to-board-of-directors-chairman,-president-and-chief-executive-officer-of-galileo-international",investors
investors/press-releases/2000/teletech-appoints-kirsten-hamling-as-vice-president-of-investor-relations-and-corporate-communications,investors
investors/press-releases/2000/teletech-appoints-luis-mario-bilenky-as-president-and-general-manager-of-its-latin-america-operations,investors
"investors/press-releases/2000/teletech-awarded-$75-million,-long-term-global-contract-from-peoplepc",investors
investors/press-releases/2000/teletech-awarded-agreement-from-lehman-brothers-bank-teletech-to-provide-internet-integrated-customer-care-for-online-bank,investors
investors/press-releases/2000/teletech-awarded-contract-from-priceline-perfect-yardsale,investors
investors/press-releases/2000/teletech-awarded-contract-to-support-american-express-internet-brokerage-services,investors
investors/press-releases/2000/teletech-awarded-long-term-contract-with-allstate,investors
investors/press-releases/2000/teletech-awarded-long-term-contract-with-commonwealth-bank-of-australia-for-mortgage-offering-in-the-united-kingdom,investors
investors/press-releases/2000/teletech-awarded-long-term-contract-with-electronic-payment-exchange-to-provide-e-commerce-support,investors
investors/press-releases/2000/teletech-awarded-long-term-contract-with-netbank(r)-launches-strategic-ecrm-solution-for-nation39s-largest-internet-bank,investors
investors/press-releases/2000/teletech-closes-acquisition-of-customer-care-division-of-boston-communications-group,investors
investors/press-releases/2000/teletech-closes-acquisition-of-newgen-results-corporation-teletech-acquires-b2b-enterprise-channel-management-services-provider,investors
investors/press-releases/2000/teletech-comments-on-long-term-contract-with-verizon,investors
investors/press-releases/2000/teletech-extends-global-reach-with-acquisition-of-hong-kong-based-iccare-limited,investors
investors/press-releases/2000/teletech-extends-spanish-speaking-capabilities-into-north-america,investors
investors/press-releases/2000/teletech-forms-alliance-with-ingram-micro-to-provide-complete-customer-care-and-logistics-solutions,investors
"investors/press-releases/2000/teletech-launches-cybercare-financial-services-an-around-the-clock,-multi-channel-solution",investors
investors/press-releases/2000/teletech-launches-enhansiv(tm)-to-deliver-world-class-ecrm-technology-solutions-on-a-remote-hosted-basis,investors
investors/press-releases/2000/teletech-makes-strategic-investment-in-octane-software,investors
investors/press-releases/2000/teletech-names-larry-kessler-executive-vice-president-worldwide-sales-and-marketing,investors
investors/press-releases/2000/teletech-names-margot-o39dell-to-worldwide-executive-leadership-team,investors
investors/press-releases/2000/teletech-names-modes-president-of-its-digital-creators-electronic-intelligence-delivery-(eid)-subsidiary,investors
investors/press-releases/2000/teletech-names-modes-senior-vp-of-international-operations,investors
investors/press-releases/2000/teletech-names-william-tara-chief-information-officer,investors
"investors/press-releases/2000/teletech-opens-customer-interaction-center-in-morgantown,-west-virginia",investors
investors/press-releases/2000/teletech-partners-with-strategic-investors-for-enhansiv,investors
investors/press-releases/2000/teletech-promotes-larry-kessler-to-chief-operating-officer,investors
investors/press-releases/2000/teletech-recognized-as-one-of-the-industry39s-fastest-growing-technology-companies,investors
investors/press-releases/2000/teletech-reports-record-first-quarter-results,investors
investors/press-releases/2000/teletech-reports-record-fourth-quarter-and-1999-results-1999-e-commerce-revenues-grow-73-percent,investors
investors/press-releases/2000/teletech-reports-record-third-quarter-financial-results,investors
"investors/press-releases/2000/teletech-second-quarter-revenues-increase-51-to-a-record-$182-million,-led-by-e-commerce-revenue-growth-of-94",investors
investors/press-releases/2000/teletech-targets-insource-marketplace-with-world-class-ecrm-solution-offering,investors
investors/press-releases/2000/teletech-third-quarter-financial-results-conference-call-and-webcast,investors
investors/press-releases/2000/teletech-to-acquire-customer-care-division-of-boston-communications-group,investors
investors/press-releases/2000/teletech-to-acquire-newgen-results-corporation,investors
investors/press-releases/2000/teletech-to-acquire-newgen-results-corporation-(1),investors
"investors/press-releases/2000/teletech-to-open-new-customer-interaction-center-in-northbay,-ontario",investors
investors/press-releases/2000/teletech-to-open-state-of-the-art-customer-interaction-center-in-northern-ireland,investors
"investors/press-releases/2000/teletech-to-open-state-of-the-art-customer-interaction-centre-in-timmins,-ontario",investors
investors/press-releases/2001/newgen-and-ford-create-custom-crm-solution-for-ford-and-lincoln-mercury-dealerships,investors
investors/press-releases/2001/newgen-results-awarded-customer-relationship-management-contract-from-hyundai-auto-canada,investors
"investors/press-releases/2001/newgen-results-names-bill-klehm-as-vice-president-of-sales-and-marketing,-ian-steyn-as-vice-president-of-business-development",investors
investors/press-releases/2001/percepta-providing-24-hour-support-to-ford-motor-company-customers-during-tire-replacement,investors
investors/press-releases/2001/teletech39s-growth-creates-change-for-new-worldwide-headquarters,investors
investors/press-releases/2001/teletech-announces-agreement-with-verizon,investors
investors/press-releases/2001/teletech-announces-authorization-for-stock-repurchase-program,investors
"investors/press-releases/2001/teletech-asia-pacific-wins-additional-business-with-telstra,-australia's-leading-telecommunications-provider",investors
investors/press-releases/2001/teletech-australia-completes-work-for-australian-bureau-of-statistics-for-2001-census-count,investors
investors/press-releases/2001/teletech-awarded-contract-with-qantas-airways,investors
investors/press-releases/2001/teletech-awarded-multi-year-contract-extension-from-telecom-corporation-of-new-zealand,investors
investors/press-releases/2001/teletech-board-appoints-key-executive-officers,investors
investors/press-releases/2001/teletech-board-of-directors-appoints-chairman-and-founder-kenneth-d-tuchman-as-ceo,investors
investors/press-releases/2001/teletech-enters-the-philippines-to-offer-customer-relationship-management-services,investors
"investors/press-releases/2001/teletech-mexico-awarded-agreement-with-aeromexico,-mexico's-largest-national-airline",investors
investors/press-releases/2001/teletech-names-william-m-walker-president-and-general-manager-of-its-european-operations,investors
investors/press-releases/2001/teletech-new-zealand-signs-five-year-agreement-with-tranz-rail-further-strengthens-teletech's-position-in-the-asia-pacific-region,investors
investors/press-releases/2001/teletech-provides-2001-outlook,investors
investors/press-releases/2001/teletech-reaffirms-commitment-to-healthcare-industry-by-becoming-a-core-founding-partner-of-the-patient-safety-institute,investors
investors/press-releases/2001/teletech-reaffirms-third-quarter-2001-outlook,investors
investors/press-releases/2001/teletech-renews-multi-year-agreement-with-hewlett-packard-in-europe,investors
investors/press-releases/2001/teletech-reports-first-quarter-2001-financial-results-company-implements-cost-cutting-actions-to-improve-long-term-profitability,investors
investors/press-releases/2001/teletech-reports-fourth-quarter-and-year-end-2000-financial-results,investors
investors/press-releases/2001/teletech-reports-second-quarter-2001-financial-results,investors
investors/press-releases/2001/teletech-reports-third-quarter-2001-financial-results-in-line-with-previous-guidance,investors
investors/press-releases/2001/teletech-signs-5-year-agreement-with-brazilian-federal-telecommuncations-regulatory-agency,investors
investors/press-releases/2001/teletech-teams-with-csc-to-win-global-state-department-contract-with-potential-value-of-$100-million,investors
investors/press-releases/2001/teletech-to-host-2001-analyst-conference-and-live-audio-webcast,investors
investors/press-releases/2001/teletech-wins-multi-year-agreement-with-blue-shield-of-california,investors
investors/press-releases/2002/newgen-and-ford-complete-the-development-of-a-web-based-promotional-tool-known-as-'marketing-point',investors
investors/press-releases/2002/newgen-awarded-customer-relationship-management-business-from-hyundai-motor-america,investors
investors/press-releases/2002/nextel-communications-and-ibm-announce-strategic-alliance-for-wireless-solutions-and-customer-care,investors
"investors/press-releases/2002/percepta-signs-multi-year-agreement-with-primus,-a-division-of-ford-credit-percepta-to-support-consumer-automotive-financing-inquiries",investors
investors/press-releases/2002/teletech-announces-authorization-for-stock-repurchase-program,investors
investors/press-releases/2002/teletech-announces-authorization-for-stock-repurchase-program-(1),investors
investors/press-releases/2002/teletech-appoints-ruth-c-lipper-to-board-of-directors,investors
investors/press-releases/2002/teletech-appoints-shirley-young-to-board-of-directors,investors
"investors/press-releases/2002/teletech-asia-pacific-expands-relationship-with-meridian-energy,-new-zealand's-leading-electricity-generator",investors
investors/press-releases/2002/teletech-brazil-awarded-multi-year-agreement-with-unilever,investors
investors/press-releases/2002/teletech-increases-common-stock-repurchase-program-by-$20-million,investors
investors/press-releases/2002/teletech-names-frank-auer-chief-information-officer,investors
investors/press-releases/2002/teletech-new-zealand-delivers-award-winning-customer-management-solution-to-telecom-corporation-of-new-zealand,investors
investors/press-releases/2002/teletech-provides-business-update,investors
investors/press-releases/2002/teletech-renews-multi-year-technical-support-agreement-with-telstra,investors
investors/press-releases/2002/teletech-reports-first-quarter-2002-financial-results-in-line-with-company-guidance,investors
investors/press-releases/2002/teletech-reports-fourth-quarter-2001-financial-results,investors
investors/press-releases/2002/teletech-reports-second-quarter-2002-financial-results-in-line-with-company-guidance,investors
investors/press-releases/2002/teletech-reports-third-quarter-2002-financial-results-in-line-with-company-guidance,investors
"investors/press-releases/2002/volkswagen-again-chooses-newgen-to-provide-customer-management-to-volkswagen-of-america,-inc",investors
investors/press-releases/2003/aussie-group-partners-with-teletech-australia,investors
investors/press-releases/2003/automotive-veteran-greg-o'neill-joins-newgen-as-chief-operating-officer,investors
investors/press-releases/2003/blue-shield-of-california-expands-relationship-with-teletech,investors
investors/press-releases/2003/customer-excellence-award-winner-teletech-to-provide-expertise-through-alliance-with-aspect,investors
investors/press-releases/2003/jaguar-to-pilot-newgen's-co-source-reservations-tool,investors
investors/press-releases/2003/newgen-introduces-'sales-channel',investors
investors/press-releases/2003/newgen-launches-first-international-service-reminder-program,investors
investors/press-releases/2003/newgen-launches-gmcarabunga-online-marketing-tool-for-general-motors-automotive-dealers,investors
investors/press-releases/2003/newgen-lawsuit-successfully-defended,investors
investors/press-releases/2003/percepta-and-ford-win-prestigious-e-learning-award,investors
investors/press-releases/2003/teletech-and-bmibaby-launch-national-reservations-and-customer-care-center,investors
investors/press-releases/2003/teletech-announces-authorization-for-continuation-of-share-repurchase-program,investors
investors/press-releases/2003/teletech-announces-india-joint-venture-to-provide-outsourced-customer-management-solutions,investors
investors/press-releases/2003/teletech-announces-multi-year-relationship-with-banco-santander-in-brazil,investors
investors/press-releases/2003/teletech-announces-multi-year-relationship-with-best-buy,investors
investors/press-releases/2003/teletech-announces-new-executive-appointments-(1),investors
investors/press-releases/2003/teletech-announces-release-date-for-fourth-quarter-2002-results,investors
investors/press-releases/2003/teletech-appoints-william-a-linnenbringer-to-board-of-directors,investors
investors/press-releases/2003/teletech-awarded-contract-with-circuit-city,investors
investors/press-releases/2003/teletech-brazil-awarded-multi-year-agreement-with-tv-cidade,investors
investors/press-releases/2003/teletech-brazil-expands-relationship-with-hewlett-packard,investors
investors/press-releases/2003/teletech-names-kamalesh-dwivedi-senior-vice-president-and-chief-information-officer,investors
investors/press-releases/2003/teletech-names-rod-edwards-president-and-general-manager-of-its-european-operations,investors
investors/press-releases/2003/teletech-partners-with-spanish-income-taxing-agency,investors
investors/press-releases/2003/teletech-provides-business-update,investors
investors/press-releases/2003/teletech-provides-business-update-(1),investors
investors/press-releases/2003/teletech-recognized-for-exceptional-growth-from-1998-to-2002,investors
investors/press-releases/2003/teletech-renews-multi-year-agreement-with-yellow-pages-subsidiary-of-telefonica-de-espana,investors
investors/press-releases/2003/teletech-renews-multi-year-relationship-with-time-warner-cable-of-new-york-and-new-jersey,investors
investors/press-releases/2003/teletech-reports-first-quarter-2003-financial-results,investors
investors/press-releases/2003/teletech-reports-fourth-quarter-2002-financial-results,investors
investors/press-releases/2003/teletech-reports-second-quarter-2003-financial-results,investors
investors/press-releases/2003/teletech-reports-third-quarter-2003-net-income-of-$2-million-and-earnings-per-share-of-3-cents-generates-more-than-$28-million-of-free-cash-flow,investors
investors/press-releases/2003/william-g-klehm-appointed-president-and-general-manager-of-newgen,investors
investors/press-releases/2004/broadband-service-provider-extends-agreement-with-teletech,investors
investors/press-releases/2004/frost-amp-sullivan-awards-teletech-for-excellence-in-business-development-strategy,investors
investors/press-releases/2004/jim-greene-to-lead-teletech's-global-financial-services,investors
investors/press-releases/2004/new-services-complete-newgen's-virtual-business-development-center-(bdc),investors
investors/press-releases/2004/teletech-announces-agreement-with-aeromexico,investors
investors/press-releases/2004/teletech-announces-launch-of-its-on-demand-business-unit,investors
investors/press-releases/2004/teletech-awarded-agreement-with-global-professional-services-firm,investors
investors/press-releases/2004/teletech-awarded-agreement-with-the-us-department-of-state,investors
investors/press-releases/2004/teletech-awarded-multiyear-agreement-to-support-wireless-local-number-portability,investors
investors/press-releases/2004/teletech-completes-debt-reduction-plan,investors
investors/press-releases/2004/teletech-extends-relationship-with-australia's-largest-wireless-provider,investors
"investors/press-releases/2004/teletech-government-solutions,-llc-awarded-a-portion-of-general-services-administration-business",investors
investors/press-releases/2004/teletech-introduces-comprehensive-accounts-receivable-management-solution,investors
investors/press-releases/2004/teletech-names-greg-hopkins-as-executive-vice-president-of-business-development,investors
investors/press-releases/2004/teletech-names-patrick-l-o'malley-as-president-and-general-manager-of-commercial-and-government-business-units,investors
investors/press-releases/2004/teletech-reduces-debt-earlier-than-planned-by-an-additional-$57-million-in-the-third-quarter,investors
investors/press-releases/2004/teletech-renews-key-client-agreements-and-signs-new-business-with-fortune-50-company,investors
investors/press-releases/2004/teletech-reports-first-quarter-2004-financial-results,investors
investors/press-releases/2004/teletech-reports-fourth-quarter-and-full-year-2003-financial-results,investors
investors/press-releases/2004/teletech-reports-second-quarter-2004-financial-results,investors
investors/press-releases/2004/teletech-reports-third-quarter-2004-financial-results,investors
investors/press-releases/2004/teletech-strengthens-relationship-with-computer-sciences-corporation,investors
investors/press-releases/2005/newgen-acquires-reynolds-and-reynolds-campaign-management-services-business-achieves-certification-as-a-reynolds-certified-interface-partner,investors
investors/press-releases/2005/newgen-and-ford-launch-'genuine-retention-plus'-for-ford-and-lincoln-mercury-dealerships,investors
investors/press-releases/2005/percepta-announces-agreement-with-helm,investors
investors/press-releases/2005/teletech-acquires-philippines-based-business-process-outsourcing-company,investors
investors/press-releases/2005/teletech-and-amena-extend-agreement,investors
investors/press-releases/2005/teletech-and-avaya-deliver-new-hosted-services-to-help-companies-manage-customer-interactions,investors
investors/press-releases/2005/teletech-and-best-western-international-forge-multi-year-agreement,investors
"investors/press-releases/2005/teletech-announces-decision-to-exit-customer-management-center-in-glasgow,-scotland",investors
investors/press-releases/2005/teletech-announces-new-revenue-assurance-solution,investors
investors/press-releases/2005/teletech-expands-relationships-with-key-cable-providers,investors
investors/press-releases/2005/teletech-expands-to-support-client-growth,investors
investors/press-releases/2005/teletech-files-amended-financial-statements,investors
investors/press-releases/2005/teletech-joins-american-red-cross-concert-for-hurricane-relief-telethon,investors
investors/press-releases/2005/teletech-launches-over-the-phone-interpretation-services,investors
investors/press-releases/2005/teletech-provides-business-update,investors
investors/press-releases/2005/teletech-provides-business-update-(1),investors
investors/press-releases/2005/teletech-provides-correction-to-dow-jones-news-headline,investors
investors/press-releases/2005/teletech-provides-three-year-financial-goals,investors
investors/press-releases/2005/teletech-provides-update-regarding-its-board-of-directors,investors
investors/press-releases/2005/teletech-receives-2004-product-innovation-award-for-its-'intelligent-systems-on-demand'-applications-suite,investors
investors/press-releases/2005/teletech-receives-customer-interaction-solutions(r)-magazine's-ip-contact-center-technology-pioneer-award,investors
investors/press-releases/2005/teletech-reports-first-quarter-2005-financial-results,investors
investors/press-releases/2005/teletech-reports-fourth-quarter-and-full-year-2004-financial-results,investors
investors/press-releases/2005/teletech-reports-second-quarter-2005-financial-results,investors
investors/press-releases/2005/teletech-reports-third-quarter-2005-financial-results,investors
investors/press-releases/2005/teletech-shares-its-holiday-spirit-with-denver-seniors,investors
investors/press-releases/2006/daniel-powell-named-president-of-newgen-results-corporation,investors
investors/press-releases/2006/direct-alliance-corporation-signs-multiyear-agreement-with-leading-independent-software-vendor,investors
investors/press-releases/2006/direct-alliance-wins-sales-excellence-awards,investors
investors/press-releases/2006/global-business-products-retailer-selects-teletech-for-business-process-services,investors
investors/press-releases/2006/teletech-adds-functionality-to-ondemand(tm)-hosted-contact-center-offering,investors
investors/press-releases/2006/teletech-and-lenderlive-partnership-transforms-mortgage-processing,investors
investors/press-releases/2006/teletech-announces-$80-million-of-new-and-expanded-client-relationships,investors
investors/press-releases/2006/teletech-announces-agreement-to-acquire-direct-alliance-corporation,investors
investors/press-releases/2006/teletech-chief-financial-officer-resigns-to-pursue-private-investment-opportunity,investors
investors/press-releases/2006/teletech-completes-acquisition-of-direct-alliance-corporation,investors
investors/press-releases/2006/teletech-expands-agreement-with-top-us-cable-operator,investors
investors/press-releases/2006/teletech-expands-agreement-with-top-us-cable-provider,investors
investors/press-releases/2006/teletech-expands-agreement-with-worldwide-airline,investors
"investors/press-releases/2006/teletech-expands-into-guadalajara,-mexico",investors
investors/press-releases/2006/teletech-expands-relationship-with-leading-business-services-provider,investors
investors/press-releases/2006/teletech-expands-relationship-with-leading-communications-provider,investors
investors/press-releases/2006/teletech-expands-relationship-with-leading-consumer-products-company,investors
investors/press-releases/2006/teletech-government-solutions-launches-additional-us-department-of-state-web-site,investors
investors/press-releases/2006/teletech-launches-@home-solution,investors
investors/press-releases/2006/teletech-launches-retail-voice-portal,investors
investors/press-releases/2006/teletech-launches-spanish-language-program-for-fortune-500-communications-provider,investors
investors/press-releases/2006/teletech-named-to-the-global-outsourcing-100,investors
investors/press-releases/2006/teletech-powers-chasecom's-newly-expanded-offerings,investors
investors/press-releases/2006/teletech-provides-business-update,investors
investors/press-releases/2006/teletech-ranks-57th-on-the-informationweek-500,investors
investors/press-releases/2006/teletech-ranks-in-top-100-on-the-informationweek-500,investors
"investors/press-releases/2006/teletech-renews,-expands-agreement-with-leading-global-banking-institution",investors
investors/press-releases/2006/teletech-reports-first-quarter-2006-financial-results,investors
investors/press-releases/2006/teletech-reports-fourth-quarter-2005-financial-results,investors
investors/press-releases/2006/teletech-reports-second-quarter-2006-financial-results,investors
investors/press-releases/2006/teletech-reports-third-quarter-2006-financial-results,investors
investors/press-releases/2006/teletech-selected-for-multiyear-agreement-with-leading-financial-services-firm,investors
investors/press-releases/2006/teletech-signs-agreement-with-advanced-digital-communications-provider,investors
investors/press-releases/2006/teletech-signs-agreement-with-leading-us-healthcare-provider,investors
investors/press-releases/2006/teletech-signs-expanded-multiyear-agreement-to-provide-blended-business-process-services-to-leading-us-healthcare-insurer,investors
investors/press-releases/2006/teletech-to-present-at-the-cl-king-best-ideas-conference,investors
investors/press-releases/2006/teletech-to-present-at-the-craig-hallum-institutional-investor-conference,investors
investors/press-releases/2006/teletech-to-present-at-the-credit-suisse-global-services-growth-conference,investors
investors/press-releases/2006/teletech-to-present-at-three-investor-conferences-in-november,investors
investors/press-releases/2007/direct-alliance-wins-back-to-back-stevie(r)-awards,investors
investors/press-releases/2007/teletech-announces-pricing-of-secondary-offering-of-5-million-shares-of-common-stock,investors
investors/press-releases/2007/teletech-announces-release-date-for-first-quarter-2007-financial-results,investors
investors/press-releases/2007/teletech-announces-release-date-for-fourth-quarter-and-full-year-2006-financial-results,investors
investors/press-releases/2007/teletech-announces-release-date-for-second-quarter-2007-financial-results-and-filing-of-its-quarterly-report-on-form-10-q,investors
investors/press-releases/2007/teletech-announces-release-date-for-third-quarter-2007-financial-results,investors
"investors/press-releases/2007/teletech-announces-sale-of-newgen,-its-database-marketing-and-consulting-business",investors
investors/press-releases/2007/teletech-announces-secondary-offering-of-5-million-shares-of-common-stock,investors
investors/press-releases/2007/teletech-board-of-directors-increases-share-repurchase-authorization-by-an-additional-$50-million,investors
investors/press-releases/2007/teletech-celebrates-its-25th-anniversary,investors
investors/press-releases/2007/teletech-expands-agreement-with-leading-technology-products-company,investors
investors/press-releases/2007/teletech-expands-agreement-with-top-us-cable-provider,investors
investors/press-releases/2007/teletech-expands-global-footprint-into-south-africa,investors
investors/press-releases/2007/teletech-expands-into-costa-rica,investors
investors/press-releases/2007/teletech-expands-relationship-with-leading-business-services-provider,investors
investors/press-releases/2007/teletech-expands-relationship-with-leading-business-services-provider-(1),investors
investors/press-releases/2007/teletech-expands-relationship-with-leading-communications-provider,investors
investors/press-releases/2007/teletech-expands-relationship-with-leading-communications-provider-(1),investors
investors/press-releases/2007/teletech-expands-relationship-with-leading-communications-provider-(2),investors
investors/press-releases/2007/teletech-expands-relationship-with-leading-healthcare-provider,investors
investors/press-releases/2007/teletech-expands-relationship-with-leading-systems-integrator,investors
investors/press-releases/2007/teletech-government-solutions-launches-additional-us-department-of-state-web-site,investors
investors/press-releases/2007/teletech-launches-@home-solution-in-australia,investors
investors/press-releases/2007/teletech-launches-@home-solution-in-the-united-kingdom,investors
investors/press-releases/2007/teletech-names-judi-hand-to-key-leadership-post,investors
investors/press-releases/2007/teletech-opens-new-facilities-in-the-philippines,investors
investors/press-releases/2007/teletech-receives-internet-telephony(r)-magazine's-2006-product-of-the-year-award,investors
investors/press-releases/2007/teletech-receives-nasdaq-staff-determination-letter,investors
investors/press-releases/2007/teletech-renews-agreement-with-meridian-energy,investors
investors/press-releases/2007/teletech-reports-preliminary-third-quarter-results,investors
investors/press-releases/2007/teletech-reports-record-first-quarter-results,investors
investors/press-releases/2007/teletech-reports-record-fourth-quarter-results,investors
investors/press-releases/2007/teletech-reports-second-quarter-results,investors
investors/press-releases/2007/teletech-signs-agreement-with-kempe-foundation,investors
investors/press-releases/2007/teletech-signs-agreement-with-leading-financial-services-provider,investors
investors/press-releases/2007/teletech-signs-agreement-with-leading-global-money-transfer-services-company,investors
investors/press-releases/2007/teletech-signs-agreement-with-yellow-pages-group,investors
investors/press-releases/2007/teletech-signs-multiyear-agreement-with-nationwide-wireless-provider,investors
investors/press-releases/2007/teletech-signs-new-agreement-with-top-us-cable-provider,investors
investors/press-releases/2007/teletech-signs-new-agreement-with-top-us-cable-provider-(1),investors
investors/press-releases/2007/teletech-signs-new-long-term-agreement-with-leading-technology-products-company,investors
investors/press-releases/2007/teletech-signs-renewed-and-expanded-agreement-with-global-telecommunications-company,investors
investors/press-releases/2007/teletech-sponsors-komen-denver-race-for-the-cure(r),investors
investors/press-releases/2007/teletech-to-host-luncheon-for-philippine-president,investors
investors/press-releases/2007/teletech-to-present-at-the-citigroup-global-technology-conference,investors
investors/press-releases/2007/teletech-to-present-at-the-credit-suisse-first-boston-global-services-growth-conference,investors
"investors/press-releases/2007/teletech-to-present-at-the-friedman,-billings,-ramsey-2007-growth-conference",investors
investors/press-releases/2007/teletech-to-present-at-the-rbc-capital-markets-2007-north-american-technology-conference,investors
investors/press-releases/2007/teletech-to-present-at-the-robert-w-baird-2007-business-solutions-conference,investors
investors/press-releases/2007/teletech-to-present-at-the-ubs-2007-global-technology-and-services-conference,investors
investors/press-releases/2007/teletech-to-support-lockheed-martin-for-the-2010-census,investors
investors/press-releases/2008/direct-alliance-named-finalist-in-the-sixth-annual-american-business-awards,investors
investors/press-releases/2008/direct-alliance-president-named-finalist-for-best-executive-award,investors
investors/press-releases/2008/direct-alliance-renews-multiyear-contract-with-fortune-50-technology-services-provider,investors
investors/press-releases/2008/direct-alliance-signs-agreement-with-a-leading-broadband-communications-provider,investors
investors/press-releases/2008/direct-alliance-signs-agreement-with-engagementhealth,investors
"investors/press-releases/2008/robert-tarola,-senior-vice-president-of-corporate-strategy-and-former-chief-financial-officer-of-w-r-grace,-joins-teletech's-board-of-directors",investors
investors/press-releases/2008/teletech-announces-first-quarter-2008-business-highlights,investors
investors/press-releases/2008/teletech-announces-fourth-quarter-2007-business-highlights,investors
investors/press-releases/2008/teletech-announces-release-date-for-financial-results-for-third-quarter-and-full-year-2007-and-first-quarter-2008,investors
investors/press-releases/2008/teletech-announces-release-date-for-second-quarter-2008-financial-results-and-filing-of-its-quarterly-report-on-form-10-q,investors
investors/press-releases/2008/teletech-announces-release-date-for-third-quarter-2008-financial-results-and-filing-of-its-quarterly-report-on-form-10-q,investors
investors/press-releases/2008/teletech-announces-second-quarter-2008-financial-results,investors
investors/press-releases/2008/teletech-announces-third-quarter-2008-financial-results,investors
investors/press-releases/2008/teletech-attains-payment-card-industry-certification,investors
investors/press-releases/2008/teletech-audit-committee-completes-review-of-equity-based-compensation-practices,investors
investors/press-releases/2008/teletech-celebrates-10-years-of-success,investors
investors/press-releases/2008/teletech-completes-financial-restatement-updates-business-outlook-pipeline,investors
investors/press-releases/2008/teletech-employees-forego-holiday-party-to-volunteer-at-local-public-school,investors
investors/press-releases/2008/teletech-encourages-companies-to-save-fuel-with-its-@home-solution,investors
investors/press-releases/2008/teletech-expands-@home-solution-in-the-united-kingdom,investors
investors/press-releases/2008/teletech-expands-agreement-with-leading-broadband-communications-provider,investors
investors/press-releases/2008/teletech-expands-agreement-with-leading-financial-services-provider,investors
investors/press-releases/2008/teletech-expands-agreement-with-leading-global-financial-services-company,investors
investors/press-releases/2008/teletech-expands-agreement-with-leading-mobile-communications-provider,investors
investors/press-releases/2008/teletech-expands-agreement-with-leading-technology-products-company,investors
investors/press-releases/2008/teletech-expands-agreement-with-leading-technology-products-company-(1),investors
investors/press-releases/2008/teletech-expands-agreement-with-nationwide-wireless-provider,investors
investors/press-releases/2008/teletech-expands-relationship-with-leading-business-services-provider,investors
investors/press-releases/2008/teletech-expands-relationship-with-leading-us-healthcare-provider,investors
investors/press-releases/2008/teletech-named-finalist-at-the-third-annual-contact-center-world-awards,investors
investors/press-releases/2008/teletech-named-recipient-of-$25-billion-multivendor-government-contract,investors
investors/press-releases/2008/teletech-names-carol-kline-to-cio-post,investors
investors/press-releases/2008/teletech-receives-confirmation-from-nasdaq-that-it-has-regained-compliance-with-all-nasdaq-filing-requirements-also-receives-sec-letter-indicating-no-enforcement-action,investors
investors/press-releases/2008/teletech-receives-confirmation-from-nasdaq-that-it-has-regained-compliance-with-all-nasdaq-filing-requirements-also-receives-sec-letter-indicating-no-enforcement-action-(1),investors
investors/press-releases/2008/teletech-receives-nasdaq-staff-determination-letter,investors
investors/press-releases/2008/teletech-receives-nasdaq-staff-determination-letter-(1),investors
investors/press-releases/2008/teletech-renews-agreement-with-big-box-retailer,investors
investors/press-releases/2008/teletech-renews-agreement-with-leading-broadband-communications-provider,investors
investors/press-releases/2008/teletech-renews-multiyear-agreement-with-leading-healthcare-provider,investors
investors/press-releases/2008/teletech-schedules-release-date-and-conference-call-for-first-quarter-2008-business-highlights-and-provides-nasdaq-listing-status-update,investors
investors/press-releases/2008/teletech-signs-agreement-with-leading-healthcare-company,investors
investors/press-releases/2008/teletech-signs-agreement-with-leading-mobile-communications-provider,investors
investors/press-releases/2008/teletech-signs-multiyear-agreement-with-jnet-communications,investors
investors/press-releases/2008/teletech-signs-multiyear-agreement-with-leading-global-automobile-manufacturer,investors
investors/press-releases/2008/teletech-sponsors-komen-denver-race-for-the-cure(r),investors
investors/press-releases/2008/teletech-sponsors-webinar-on-relationship-optimization,investors
investors/press-releases/2008/teletech-sponsors-webinar-on-virtual-workforce-utilization,investors
investors/press-releases/2008/teletech-to-host-telcoa-regional-telework-forum,investors
investors/press-releases/2008/teletech-to-present-at-citigroup-investment-research-15th-annual-global-technology-conference,investors
investors/press-releases/2008/teletech-to-present-at-fbr-capital-markets-12th-annual-spring-investor-conference,investors
investors/press-releases/2008/teletech-to-present-at-the-citigroup-small-and-mid-cap-conference,investors
investors/press-releases/2008/teletech-to-present-at-the-robert-w-baird-2008-business-solutions-conference,investors
investors/press-releases/2008/teletech-wins-crm-excellence-award,investors
investors/press-releases/2008/teletech-wins-outstanding-employer-award,investors
investors/press-releases/2008/teletech-wins-top-marketing-honors,investors
"investors/press-releases/2009/anjan-mukherjee,-managing-director-of-the-blackstone-group,-joins-teletech's-board-of-directors",investors
investors/press-releases/2009/direct-alliance-a-finalist-for-three-american-business-awards,investors
investors/press-releases/2009/direct-alliance-awarded-government-sales-team-of-the-year,investors
investors/press-releases/2009/direct-alliance-named-finalist-for-sales-and-customer-management-awards,investors
investors/press-releases/2009/direct-alliance-president-named-finalist-for-best-executive-award,investors
investors/press-releases/2009/direct-alliance-recognized-as-an-award-winning-contributor,investors
investors/press-releases/2009/direct-alliance-recognized-as-an-award-winning-contributor,investors
investors/press-releases/2009/fcc-selects-teletech-government-solutions-to-support-digital-tv-transition,investors
investors/press-releases/2009/teletech-announces-first-quarter-2009-financial-results,investors
investors/press-releases/2009/teletech-announces-fourth-quarter-and-full-year-2008-financial-results,investors
investors/press-releases/2009/teletech-announces-increased-authorization-for-share-repurchases,investors
investors/press-releases/2009/teletech-announces-increased-authorization-for-share-repurchases-(1),investors
investors/press-releases/2009/teletech-announces-release-date-for-first-quarter-2009-financial-results-and-filing-of-its-quarterly-report-on-form-10-q,investors
investors/press-releases/2009/teletech-announces-release-date-for-fourth-quarter-and-full-year-2008-financial-results,investors
investors/press-releases/2009/teletech-announces-release-date-for-second-quarter-2009-financial-results-and-filing-of-its-quarterly-report-on-form-10-q,investors
investors/press-releases/2009/teletech-announces-release-date-for-third-quarter-2009-financial-results-and-filing-of-its-quarterly-report-on-form-10-q,investors
investors/press-releases/2009/teletech-announces-second-quarter-2009-financial-results,investors
investors/press-releases/2009/teletech-announces-third-quarter-2009-financial-results,investors
investors/press-releases/2009/teletech-belfast-celebrates-employee-successes-at-first-annual-award-ceremony,investors
investors/press-releases/2009/teletech-employees-continue-tradition-and-volunteer-more-than-1500-hours-to-a-denver-public-school,investors
investors/press-releases/2009/teletech-government-solutions-confirms-accuracy-of-hiring-data-for-fcc-program,investors
investors/press-releases/2009/teletech-selected-as-member-of-2009-global-outsourcing-100(tm),investors
investors/press-releases/2009/teletech-sponsors-komen-denver-race-for-the-cure(r),investors
"investors/press-releases/2009/teletech-to-hire-approximately-1,000-positions-in-el-paso-in-the-next-week!-holding-job-fair-from-january-27th-29th",investors
investors/press-releases/2009/teletech-to-present-at-nrf-convention,investors
investors/press-releases/2009/typhoon-ondoy-results-in-minimal-disruption-to-teletech's-philippines-operations-teletech's-global-employees-unite-to-provide-assistance-to-help-those-in-need,investors
investors/press-releases/2010/direct-alliance-a-finalist-for-the-american-business-awards,investors
investors/press-releases/2010/direct-alliance-a-finalist-for-three-stevie-awards-for-women-in-business,investors
investors/press-releases/2010/direct-alliance-named-as-finalist-for-sales-and-customer-service-awards,investors
investors/press-releases/2010/direct-alliance-revenue-generation-solution-to-boost-public-sector-sales-for-leading-technology-company,investors
investors/press-releases/2010/direct-alliance-wins-stevie-award,investors
investors/press-releases/2010/leading-global-technology-company-selects-direct-alliance-for-multi-million-dollar-turnkey-revenue-generation-solution,investors
investors/press-releases/2010/leading-mobile-wireless-provider-awards-multiyear-agreement-to-direct-alliance-for-revenue-generation-sales-solution,investors
investors/press-releases/2010/teletech-acquires-peppers-rogers-groupa-globally-renowned-customer-centric-management-consulting-firm,investors
investors/press-releases/2010/teletech-announces-exclusive-multiyear-agreement-with-the-american-bankers-association,investors
investors/press-releases/2010/teletech-announces-first-quarter-2010-financial-results,investors
investors/press-releases/2010/teletech-announces-fourth-quarter-and-full-year-2009-financial-results,investors
investors/press-releases/2010/teletech-announces-increased-authorization-for-share-repurchases,investors
investors/press-releases/2010/teletech-announces-increased-authorization-for-share-repurchases-(1),investors
investors/press-releases/2010/teletech-announces-increased-authorization-for-share-repurchases-2,investors
investors/press-releases/2010/teletech-announces-release-date-for-first-quarter-2010-financial-results-and-filing-of-its-quarterly-report-on-form-10-q,investors
investors/press-releases/2010/teletech-announces-release-date-for-fourth-quarter-and-full-year-2009-financial-results-and-filing-of-its-annual-report-on-form-10-k,investors
investors/press-releases/2010/teletech-announces-release-date-for-second-quarter-2010-financial-results-and-filing-of-its-quarterly-report-on-form-10-q,investors
investors/press-releases/2010/teletech-announces-release-date-for-third-quarter-2010-financial-results-and-filing-of-its-quarterly-report-on-form-10-q,investors
investors/press-releases/2010/teletech-announces-second-quarter-2010-financial-results,investors
investors/press-releases/2010/teletech-announces-third-quarter-2010-financial-results-,investors
investors/press-releases/2010/teletech-awarded-multi-year-agreement-with-leading-internet-search-company-to-enhance-clients'-online-advertising-programs,investors
investors/press-releases/2010/teletech-awarded-multi-year-contract-to-enhance-credit-card-customer-experience,investors
investors/press-releases/2010/teletech-community-foundation-honored-as-stevie-women-in-business-award-finalist,investors
investors/press-releases/2010/teletech-deploys-three-new-offerings-in-revenue-generation-product-suite,investors
investors/press-releases/2010/teletech-employees-adopt-beach-court-elementary-in-northwest-denver-in-lieu-of-a-traditional-company-holiday-party-,investors
investors/press-releases/2010/teletech-forms-strategic-alliance-with-lithium-technologies,investors
investors/press-releases/2010/teletech-government-solutions-providing-hosted-cloud-based-technology-infrastructure-for-2010-census,investors
investors/press-releases/2010/teletech-named-in-iaop's-2010-global-outsourcing-100(r)-list,investors
investors/press-releases/2010/teletech-names-joe-bellini-as-executive-vice-president-and-chief-sales-officer,investors
investors/press-releases/2010/teletech-recognized-as-best-buy-customer-care-vendor-of-the-year,investors
"investors/press-releases/2010/teletech-recognized-by-peza-as-philippines-outstanding-employer-for-third-time,-earns-hall-of-fame-honor",investors
investors/press-releases/2010/teletech-team-named-cloud-architects-of-the-year-by-oracle,investors
investors/press-releases/2010/teletech-to-host-cisco-telephony-and-portal-infrastructure-for-customer-interaction-cloud-solution,investors
investors/press-releases/2010/teletech-to-support-hope-for-haiti-now-global-telethon-for-earthquake-relief,investors
investors/press-releases/2011/direct-alliance-wins-2011-stevie-award-,investors
investors/press-releases/2011/eloyalty-achieves-advanced-data-center-architecture-specialization-from-cisco,investors
"investors/press-releases/2011/teletech@home(r)-to-hire-over-3,000-work-at-home-positions",investors
investors/press-releases/2011/teletech-announces-first-quarter-2011-financial-results,investors
investors/press-releases/2011/teletech-announces-fourth-quarter-and-full-year-2010-financial-results,investors
investors/press-releases/2011/teletech-announces-increased-authorization-of-$50-million-for-share-repurchases,investors
investors/press-releases/2011/teletech-announces-release-date-for-first-quarter-2011-financial-results-and-filing-of-its-quarterly-report-on-form-10-q,investors
investors/press-releases/2011/teletech-announces-release-date-for-fourth-quarter-and-full-year-2010-financial-results-and-filing-of-its-annual-report-on-form-10-k,investors
investors/press-releases/2011/teletech-announces-release-date-for-second-quarter-2011-financial-results-and-filing-of-its-quarterly-report-on-form-10-q,investors
investors/press-releases/2011/teletech-announces-release-date-for-third-quarter-2011-financial-results-and-filing-of-its-quarterly-report-on-form-10-q,investors
investors/press-releases/2011/teletech-announces-second-quarter-2011-financial-results,investors
investors/press-releases/2011/teletech-announces-third-quarter-2011-financial-results,investors
investors/press-releases/2011/teletech-appoints-judi-hand-as-executive-vice-president-and-chief-sales-officer,investors
investors/press-releases/2011/teletech-appoints-new-chief-financial-officer,investors
investors/press-releases/2011/teletech-awarded-multi-year-agreement-by-sabre-hospitality-solutions,investors
investors/press-releases/2011/teletech-awarded-multi-year-agreement-with-major-financial-services-information-company-,investors
investors/press-releases/2011/teletech-awarded-multi-year-contract-renewal-with-one-of-the-nation's-largest-health-insurance-companies,investors
investors/press-releases/2011/teletech-brings-social-learning-and-simulated-learning-solutions-to-market-for-global-1000-companies,investors
investors/press-releases/2011/teletech-chairman-and-ceo-acquires-additional-teletech-stock-via-option-exercise,investors
investors/press-releases/2011/teletech-chairman-and-ceo-acquires-additional-teletech-stock-via-option-exercise-(1),investors
investors/press-releases/2011/teletech-completes-acquisition-of-the-integrated-contact-solutions-business-unit-of-eloyalty,investors
investors/press-releases/2011/teletech-completes-multi-year-renewal-and-expansion-of-relationship-with-leading-retailer-to-support-existing-and-new-business-lines,investors
investors/press-releases/2011/teletech-named-among-world's-best-outsourcing-service-providers-for-third-consecutive-year-in-iaop's-2011-global-outsourcing-100(r),investors
investors/press-releases/2011/teletech-named-finalist-in-the-2011-american-business-awardssm,investors
investors/press-releases/2011/teletech-reaffirms-2011-revenue-growth-and-operating-margin-guidance-establishes-longer-term-financial-goals,investors
investors/press-releases/2011/teletech-recognized-for-commitment-to-employ-military-spouses,investors
investors/press-releases/2011/teletech-resells-salesforce-service-cloud,investors
investors/press-releases/2011/teletech's-direct-alliance-named-finalist-in-the-2011-american-business-awardssm,investors
investors/press-releases/2011/teletech-selected-by-a-premier-nonprofit-organization-to-deliver-revenue-generation-and-customer-experience-solutions,investors
investors/press-releases/2011/teletech-selected-to-provide-fully-hosted-technology-and-elearning-solutions-for-one-of-north-america's-largest-energy-services-retailers,investors
"investors/press-releases/2011/teletech-to-expand-its-customer-centric,-cloud-based-solutions-through-the-acquisition-of-the-integrated-contact-solutions-business-unit-of-eloyalty",investors
investors/press-releases/2011/teletech-to-host-seventh-annual-spirit-of-the-season-holiday-party,investors
investors/press-releases/2011/teletech-to-present-at-dreamforce-2011-,investors
investors/press-releases/2012/acquisition-of-leading-marketing-analytics-firm-iknowtion-strengthens-teletech's-fully-integrated-customer-experience-portfolio,investors
investors/press-releases/2012/direct-alliance-wins-two-gold-one-silver-and-three-bronze-stevie-reg-awards-in-2012-for-sales-and-customer-service-sup-sm-sup-,investors
investors/press-releases/2012/eloyalty-achieves-cisco-cloud-provider-certification-and-contact-center-as-a-service-designation,investors
investors/press-releases/2012/eloyalty-now-an-enterprise-partner-in-the-vmware-partner-network,investors
investors/press-releases/2012/revana-names-matt-rosenberg-as-chief-sales-officer,investors
investors/press-releases/2012/revana-president-judi-hand-wins-bronze-executive-of-the-year-stevie-award-for-women-in-business,investors
investors/press-releases/2012/teletech-acquires-guidon-performance-solutions-and-synovation-health-collaborative,investors
investors/press-releases/2012/teletech-announces-first-quarter-2012-financial-results,investors
investors/press-releases/2012/teletech-announces-fourth-quarter-and-full-year-2011-financial-results,investors
investors/press-releases/2012/teletech-announces-increased-authorization-25-million-for-share-repurchases,investors
investors/press-releases/2012/teletech-announces-increased-authorization-of-25-million-for-share-repurchases,investors
investors/press-releases/2012/teletech-announces-increased-authorization-of-25-million-for-share-repurchases-dec2012,investors
investors/press-releases/2012/teletech-announces-release-date-for-first-quarter-2012-financial-results-and-filing-of-its-quarterly-report-on-form-10-q,investors
investors/press-releases/2012/teletech-announces-release-date-for-fourth-quarter-and-full-year-2011-financial-results-and-filing-of-its-annual-report-on-form-10-k,investors
investors/press-releases/2012/teletech-announces-release-date-for-second-quarter-2012-financial-results-and-filing-of-its-quarterly-report-on-form-10-q,investors
investors/press-releases/2012/teletech-announces-release-date-for-third-quarter-2012-financial-results-and-filing-of-its-quarterly-report-on-form-10-q,investors
investors/press-releases/2012/teletech-announces-ruth-c-lipper-and-william-a-linnenbringer-to-retire-from-board-of-directors-gregory-a-conley-and-robert-webb-nominated-for-election,investors
investors/press-releases/2012/teletech-announces-second-quarter-2012-financial-results,investors
investors/press-releases/2012/teletech-announces-third-quarter-2012-financial-results,investors
investors/press-releases/2012/teletech-appoints-robert-frerichs-former-international-chairman-of-accenture-to-board-of-directors,investors
investors/press-releases/2012/teletech-awarded-contract-expansion-with-fortune-500-communications-company,investors
investors/press-releases/2012/teletech-awarded-customer-experience-contract-by-hyundai-motor-america,investors
investors/press-releases/2012/teletech-celebrates-8th-annual-spirit-of-the-season-event-with-denver-public-school,investors
investors/press-releases/2012/teletech-chosen-by-top-social-shopping-retailer-to-help-drive-triple-digit-growth-with-enhanced-customer-experience,investors
investors/press-releases/2012/teletech-expands-existing-revolving-credit-facility-by-150-million-to-500-million,investors
investors/press-releases/2012/teletech-foresees-new-standards-for-building-customer-trust-as-the-driving-force-for-the-future-of-customer-experience-management,investors
investors/press-releases/2012/teletech-fuels-job-growth-in-u-s-with-new-customer-experience-center-in-kentucky,investors
investors/press-releases/2012/teletech-home-is-hiring-approximately-7-500-seasonal-customer-experience-associates,investors
investors/press-releases/2012/teletech-launches-net-promoter-accelerator-to-drive-real-time-increases-in-customer-value,investors
investors/press-releases/2012/teletech-partners-with-satmetrix-to-activate-net-promoter-score(r)-for-clients,investors
"investors/press-releases/2012/teletech-positioned-in-the-leaders-quadrant-of-leading-analyst-firm's-magic-quadrant-for-customer-management-contact-center-bpo,-worldwide",investors
investors/press-releases/2012/teletech-recognized-among-top-10-leaders-on-iaop-s-list-of-world-s-best-outsourcing-partners,investors
investors/press-releases/2012/teletech-teams-up-the-american-red-cross-for-a-day-of-giving-to-raise-money-for-hurricane-sandy-relief,investors
investors/press-releases/2012/teletech-to-open-second-customer-experience-center-in-paducah-kentucky,investors
"investors/press-releases/2012/teletech-to-open-state-of-the-art-facility-in-greeley,-colorado,-bringing-500-new-jobs-to-northern-colorado",investors
investors/press-releases/2013/2013-customer-experience-takeaways,investors
investors/press-releases/2013/2013-customer-experience-takeaways,investors
investors/press-releases/2013/american-association-of-inside-sales-professionals-awards-revana-vice-president-with-the-excellence-in-execution-award,investors
"investors/press-releases/2013/customers-are-talking,-but-are-brands-listening",investors
investors/press-releases/2013/enhance-customer-experience-with-cloud-technology,investors
investors/press-releases/2013/experts-share-best-practices-to-turn-customer-experience-strategy-into-results,investors
"investors/press-releases/2013/go-social-got-the-tux,-but-can-you-dance",investors
investors/press-releases/2013/healthcare-consumers-may-actually-win-in-2014,investors
investors/press-releases/2013/peppers-rogers-group-and-teletech-present-a-customer-strategist-webinar-becoming-a-psychic-brand,investors
investors/press-releases/2013/revana-wins-gold-stevie%C2%AE-award-for-sales-outsourcing-provider-of-the-year-for-second-consecutive-year,investors
investors/press-releases/2013/social-media-gets-its-own-month-teletech-dedicates-march-to-sharing-social-media-best-practices-for-brands,investors
investors/press-releases/2013/superior-customer-experience-is-the-new-competitive-differentiator-in-healthcare,investors
investors/press-releases/2013/teletech%E2%80%99s-august-e-newsletter-preparing-for-the-fallidays!,investors
investors/press-releases/2013/teletech%E2%80%99s-mark-grindeland-named-2013-business-marketer-of-the-year-by-bma-colorado,investors
investors/press-releases/2013/teletech-announces-additional-$25-million-share-repurchase-authorization,investors
investors/press-releases/2013/teletech-announces-first-quarter-2013-financial-results,investors
investors/press-releases/2013/teletech-announces-fourth-quarter-and-full-year-2012-financial-results,investors
investors/press-releases/2013/teletech-announces-increased-authorization-of-$25-million-for-share-repurchases,investors
investors/press-releases/2013/teletech-announces-release-date-for-first-quarter-2013-financial-results-and-filing-of-its-quarterly-report-on-form-10-q,investors
investors/press-releases/2013/teletech-announces-release-date-for-fourth-quarter-and-full-year-2012-financial-results-and-filing-of-its-annual-report-on-form-10-k,investors
investors/press-releases/2013/teletech-announces-release-date-for-second-quarter-2013-financial-results-and-filing-of-its-quarterly-report-on-form-10-q,investors
investors/press-releases/2013/teletech-announces-release-date-for-third-quarter-2013-financial-results-and-filing-of-its-quarterly-report-on-form-10-q,investors
investors/press-releases/2013/teletech-announces-second-quarter-2013-financial-results,investors
investors/press-releases/2013/teletech-announces-third-quarter-2013-financial-results,investors
"investors/press-releases/2013/teletech-announces-three-year-commitment-to-foster-education-initiatives-at-university-preparatory-school,-a-denver-public-school",investors
investors/press-releases/2013/teletech-appoints-tracy-l-bahl-to-its-board-of-directors,investors
"investors/press-releases/2013/teletech-brings-400-healthcare-related-sales-and-service-jobs-to-ennis,-texas",investors
investors/press-releases/2013/teletech-celebrates-military-veterans-in-the-workforce,investors
"investors/press-releases/2013/teletech-community-foundation-donates-$500,000-to-charitable-organizations-in-2012,-with-a-focus-on-innovating-education",investors
investors/press-releases/2013/teletech-completes-acquisition-of-digital-acquisition-marketing-firm-webmetro,investors
investors/press-releases/2013/teletech-expands-its-end-to-end-revenue-generation-portfolio-through-the-acquisition-of-webmetro,investors
investors/press-releases/2013/teletech-honored-with-gold-and-silver-brandon-hall-excellence-awards-for-learning,investors
investors/press-releases/2013/teletech-names-brian-shepherd-as-executive-vice-president-of-teletech-and-president-of-its-strategic-consulting-and-global-technology-businesses,investors
investors/press-releases/2013/teletech-names-keith-gallacher-as-executive-vice-president-global-markets-and-industries,investors
investors/press-releases/2013/teletech-names-margaret-mclean-as-senior-vice-president-general-counsel,investors
investors/press-releases/2013/teletech-partnered-with-the-american-red-cross-and-the-denver-broncos-to-raise-over-$1-million-in-donations-for-the-colorado-flood-relief-effort-(1),investors
"investors/press-releases/2013/teletech-pledges-to-hire-1,000-veterans-in-2013",investors
investors/press-releases/2013/teletech-positioned-in-the-2012-%E2%80%9Cleaders%E2%80%9D-quadrant-of-gartner%E2%80%99s-magic-quadrant-for-third-consecutive-year,investors
"investors/press-releases/2013/teletech-secures-a-$700-million,-five-year-credit-facility-with-an-accordion-feature-to-increase-up-to-$1-billion",investors
investors/press-releases/2013/teletech-selected-by-fairfax-media-as-strategic-partner-in-customer-experience-transformation,investors
investors/press-releases/2013/teletech-selected-by-the-leading-weight-management-services-company-to-bring-technology-and-service-innovation-to-their-customer-experience,investors
investors/press-releases/2013/teletech-survey-finds-a-black-hole-of-customer-service-across-multiple-channels,investors
investors/press-releases/2013/teletech-to-expand-its-technology-based-offerings-through-the-acquisition-of-technology-solutions-group,investors
investors/press-releases/2013/the-key-to-your-customers%E2%80%99-heart-six-ways-to-say-i-love-you,investors
investors/press-releases/2013/usaa-honors-teletech-with-strategic-supplier-excellence-award-for-military-community-support,investors
investors/press-releases/2013/what%E2%80%99s-the-roi-of-customer-experience,investors
investors/press-releases/2014/9-technology-trends-that-are-having-a-transformational-impact-on-customers-healthcare-experience-e-book-highlights-the-top-trends-in-healthcare-that-are-impacting-the-customer-experience,investors
investors/press-releases/2014/addressing-the-omnichannel-customer-experience,investors
investors/press-releases/2014/best-practices-for-crafting-a-unified-multichannel-experience,investors
investors/press-releases/2014/best-practices-for-digital-marketing-success,investors
investors/press-releases/2014/eloyalty-launches-its-comprehensive-customer-experience-technology-solution-to-the-white-label-market,investors
investors/press-releases/2014/eloyalty-recognized-by-cisco-for-excellence-in-customer-satisfaction-in-the-united-states,investors
investors/press-releases/2014/eloyaltys-cloud-platform-achieves-pci-and-hipaa-compliance,investors
investors/press-releases/2014/finding-the-roi-of-customer-experience-its-out-there-if-you-look-for-it,investors
investors/press-releases/2014/global-laboratory-supply-company-selects-eloyalty-to-support-new-growth-strategy-and-consolidate-business-units,investors
"investors/press-releases/2014/introducing-the-technology-of-us,-a-provocative-discussion-about-the-new-relationship-between-technology-and-humanity",investors
investors/press-releases/2014/keys-to-delivering-a-world-class-customer-experience,investors
investors/press-releases/2014/leverage-data-analytics-to-optimize-customer-experience,investors
investors/press-releases/2014/marketers-solve-business-challenges-as-data-scientists,investors
investors/press-releases/2014/rein-in-the-benefits-of-cloud-technology,investors
investors/press-releases/2014/revolutionizing-the-customer-experience-with-speech-technology-,investors
investors/press-releases/2014/technologys-future-consumers-reward-companies-that-provide-experiences-that-are-simple-and-personal,investors
investors/press-releases/2014/teletech-10th-annual-philanthropic-event-celebrates-spirit-of-the-season-with-university-preparatory-school,investors
investors/press-releases/2014/teletech-announces-first-quarter-2014-financial-results,investors
investors/press-releases/2014/teletech-announces-increased-authorization-of-$25-million-for-share-repurchases,investors
"investors/press-releases/2014/teletech-announces-new-customer-experience-site-in-jonesboro,-arkansas",investors
investors/press-releases/2014/teletech-announces-release-date-for-fourth-quarter-and-full-year-2013-financial-results-and-filing-of-its-annual-report-on-form-10-k,investors
investors/press-releases/2014/teletech-announces-release-date-for-second-quarter-2014-financial-results-and-filing-of-its-quarterly-report-on-form-10-q,investors
investors/press-releases/2014/teletech-announces-second-quarter-2014-financial-results,investors
investors/press-releases/2014/teletech-announces-third-quarter-2014-financial-results,investors
investors/press-releases/2014/teletech-appoints-marc-l-holtzman-to-its-board-of-directors,investors
investors/press-releases/2014/teletech-completes-acquisition-of-leadership-and-change-management-consulting-firm-rogensi,investors
investors/press-releases/2014/teletech-completes-the-acquisition-of-bulgaria-based-sofica-group,investors
"investors/press-releases/2014/teletech-creates-more-than-3,000-new-jobs-in-18-months-and-opens-six-customer-experience-sites-in-united-states",investors
investors/press-releases/2015/cio-review-selects-eloyalty-for-20-most-promising-contact-center-technology-solution-providers-list,investors
investors/press-releases/2015/humanify-connects-its-open-architecture-with-cafex-to-create-a-new-breakthrough-omnichannel-customer-experience-solution-,investors
investors/press-releases/2015/teletech-announces-first-quarter-2015-financial-results,investors
investors/press-releases/2015/teletech-announces-fourth-quarter-and-full-year-2014-financial-results,investors
"investors/press-releases/2015/teletech-hosts-grand-opening-of-mcallen,-texas-customer-experience-center",investors
investors/press-releases/2015/teletech-launches-customer-engagement-onavaya%E2%84%A2-cloud-offering-for-contact-centers,investors
investors/press-releases/2015/teletech-named-to-iaop-2015-global-outsourcing-100-list-of-worlds-best-service-providers,investors
investors/press-releases/2015/teletech-ranked-1-on-top-100-companies-for-remote-jobs-list-by-flexjobs,investors
investors/press-releases/2015/teletech-recognized-for-b2b-marketing-excellence-in-digital-innovation-at-colorado-bma-gold-key-awards,investors
investors/press-releases/2015/teletech-recognized-with-seven-2015-stevie%C2%AE-awards-for-sales-customer-service,investors
investors/press-releases/2015/teletech-schedules-fourth-quarter-and-full-year-2014-earnings-release-and-webcast-of-investor-conference-call,investors
investors/press-releases/2015/the-new-look-of-loyalty-understanding-what-matters-most-to-customers,investors
investors/press-releases/2015/vision-to-results-goes-digital-as-teletech-launches-new-customer-experience-execution-leadership-app,investors
investors/press-releases/2015/web-metro-becomes-revana-digital,investors
media/13878306/teletech_maximizing_value_outsourcing.pdf,investors
media/13994233/teletech_leveraging_the_right_technology_for_the_ultimate_customer_experience.pdf,investors
media/14680104/eloyalty_ti_ds_cloud_contact_center_smb.pdf,investors
media/15146379/teletech_rg_internet_marketing_and_chat_sales_increase_amr_case_study.pdf,investors
media/15146382/teletech_rg_multichannel_sales_increase_revenue_per_user__case_study.pdf,investors
media/15146385/teletech_rg_retention_program_creates_customer_loyalty_and_increases_sales_case_study.pdf,
media/15146388/communication_leader_increases_sales_by_51__and_boosts_nps_20_.pdf,
media/15146388/teletech_rg_revenue_generation_increases_voice_and_chat_sales_case_study.pdf,
media/15146391/teletech_ci_rg_click_to_chat_sales_complements_voice_case_study.pdf,
media/15146394/teletech_ci_chat_increases_sales_results_case_study.pdf,
media/15159111/customer_strategist_v3_i4_industry_insight_healthcare.pdf,
media/15160716/teletech_ci_a_logitech_success_story.pdf,
media/15160831/teletech_li_learning_solution_enhances_performance.pdf,
media/15160834/teletech_ci_cost_improvements_for_healthcare_co.pdf,
media/15160837/teletech_financial_and_healthcare_insurance_experience.pdf,
media/15165483/teletech_ep_financial_services_focus_on_the_customer.pdf,
media/15181661/teletech_rg_lead_gen_effective_for_integrated_systems_provider.pdf,
media/15181664/teletech_ci_rg_click_to_chat_pilot_improves_sales.pdf,
media/15181890/teletech_ci_bookseller_saves_money_and_delights_customers_multichannel_support.pdf,
media/15192947/ci-internet-provider-increases-net-promoter-score-228-percent.pdf,
media/15194480/bankingontotalrelationships_pavingthewayforcustomerloyalty.pdf,
media/15194483/thenewfrontierintelecomanalyticsgetbetterinsightfaster.pdf,
media/15194486/threestepstooptimizingcustomerexperienceinautoindustry2012.pdf,
media/15194489/howtomeasurecustomerexperienceinactionarticle_2012.pdf,
media/15918066/article-secrets-of-customer-centric-marketing.pdf,
media/15918066/secretscustomercentricmarketingrevanaarticle_6_2012.pdf,
media/15925851/strengthen_customer_relationship_to_differentiate_your_brand.pdf,
media/15925854/how_to_build_a_better_boat.pdf,
media/15931385/experian_success_story.pdf,
media/15931388/safelite-case-study.pdf,
media/15936305/idcadvice.pdf,
media/15936591/a_cfos_point_of_view_on_the_customer_experience.pdf,
media/15939190/wp-gettingoutweeds-newapproachincreasingsales.pdf,
media/15940584/novdec2012inspanish.pdf,
media/15951865/love_hate_relationship_transforming_customer_experience.pdf,
media/15952463/janfeb2013inspanish.pdf,
media/15998107/cs_automotive_success_story.pdf,
media/15998626/wp_service_to_sale.pdf,
media/16005899/article_help_customers_help_themselves_selfservice.pdf,
media/16005902/wp_revana_sellingpower_winning_strategies_to_acquire_newcustomers_and_drive_sales_growth.pdf,
media/16005911/brochure_manage_customer_management_services.pdf,
media/16036237/wp-unlock-patient-engagement-by-building-trust.pdf,
media/16036365/actionable-steps-for-accelerating-sales-growth-tips-and-takeaways.pdf,
media/16043840/ds-eloyaltys-hosted-collaboration-solution-contact-center-as-a-service.pdf,
media/16060379/wp-why-customers,
media/16060379/wp-why-customers-love-to-hate-the-ivr.pdf,
media/16063697/article-three-common-data-concerns-facing-the-c-suite.pdf,
media/16066931/wp-the-increasing-importance-of-an-exceptional-customer-experience.pdf,
media/16067752/wp-the-future-of-aftermarket-automotive-retailing.pdf,
media/16069459/trends-and-solutions-the-next-generation-of-restaurant-customer-interaction.pdf,
media/16072088/wp-cloud-contact-center-total-cost-of-ownership-healthcare.pdf,
media/16072759/article-repairing-a-broken-sales-funnel.pdf,
media/16072978/ds-eloyalty-iccrm-solution.pdf,
media/16073207/brochure-simplifying-customer-experience-excellence-with-service-cloud.pdf,
media/16073210/infographic-teletech-enables-high-touch-service-for-luxury-vacation-provider.pdf,
media/16076940/wp-rules-of-engagement-how-to-attract-nurture-and-capture-new-customers.pdf,
media/16076943/wp-cloud-contact-center-total-cost-of-ownership-financial-services.pdf,
media/16081903/article-three-tips-to-delight-the-socially-connected-customer.pdf,
media/16081932/healthcare-compiliation-teletech.pdf,
media/16082465/perspectives-trust-in-financial-services-the-future-is-now.pdf,
media/16085218/cs-financial-services-banking.pdf,
media/16088872/article-effective-enterprise-cloud-connectivity.pdf,
media/2738221/TeleTech_PS_Six_Sigma_Improves_Accuracy_Case_Study.pdf,
media/2738242/TeleTech_RG_Lead_Generation_Experience.pdf,
media/2738259/TeleTech_CI_Technical_Support_Data_Sheet.pdf,
media/2738262/teletech_ci_teletech_at-home_data_sheet.pdf,
media/2738268/teletech_li_elearning.pdf,
media/2738274/teletech_li_mobile_learning.pdf,
media/2738277/TeleTech_LI_Simulated_Learning_Data_Sheet.pdf,
media/2738286/revana_customer_acquisition_datasheet.pdf,
media/2738298/TeleTech_RG_Chat_Grows_Revenue_Case_Study.pdf,
media/2739262/peppers_rogers_changing_the_channel_white_paper.pdf,
media/2739331/peppers_rogers_integrated_public_service_delivery_white_paper.pdf,
media/2739334/peppers_rogers_individual_customer_value_research_report.pdf,
media/2739337/peppers_rogers_customer_experience_in_retail_banking_article.pdf,
media/2739337/peppers_rogers_customer_experience_in_retail_banking_article.pdf,
media/6962925/teletech_annual_report_2010.pdf,
media/8845262/teletech_corporate_overview.pdf,
news/contact-center-technology,
news/contact-center-technology/data-management-technology-set-to-drive-growth-in-bpo-sector-800937099,
news/contact-center-technology/ivr-systems-must-be-refined-easy-to-use-800897073,
news/contact-center-technology/planning-key-for-voip-success-800530093,
news/contact-center-technology/preserving-voip-efficiency-with-strong-security-800644527,
news/contact-center-technology/report-cloud-computing-to-increase-in-call-centers-by-2013-800802595,
news/customer-management/customization-key-to-online-customer-experience-800727710,about-us/newsroom
news/customer-management/delta-looks-to-mobile-crm-for-competitive-advantage-800706502,about-us/newsroom
news/customer-management/don-t-go-overboard-on-social-media-800873218,about-us/newsroom
news/customer-management/evolving-contact-center-operations-with-new-innovations-800602014,about-us/newsroom
news/customer-management/expert-social-media-becoming-integral-part-of-customer-service-800472275,about-us/newsroom
news/customer-management/firms-must-avoid-common-crm-pitfalls-800913657,about-us/newsroom
news/customer-management/firms-must-avoid-politics-when-deploying-crm-800836301,about-us/newsroom
news/customer-management/firms-must-utilize-technology-and-expertise-in-contact-centers-800873178,about-us/newsroom
news/customer-management/firms-should-consider-utilizing-hr-to-improve-customer-experience-800875942,about-us/newsroom
news/customer-management/improve-customer-service-with-an-outside-in-approach-800876314,about-us/newsroom
news/customer-management/many-companies-overlook-valuable-crm-functionality-800834319,about-us/newsroom
news/customer-management/many-consumers-dissatisfied-with-call-center-customer-service-800539206,about-us/newsroom
news/customer-management/mobile-crm-an-underutilized-tool-800897086,about-us/newsroom
news/customer-management/more-consumers-relying-on-mobile-apps-to-get-information-800854574,about-us/newsroom
news/customer-management/product-launch-leads-to-increased-contact-center-activity-800893390,about-us/newsroom
news/customer-management/report-companies-should-aggressively-pursue-social-media-800388878,about-us/newsroom
news/customer-management/retaining-cost-efficient-crm-strategies-800652922,about-us/newsroom
news/customer-management/rise-in-mobile-shopping-allows-for-improved-crm-and-a-more-personalized-experience-800924058,about-us/newsroom
news/customer-management/simplicity-key-to-successful-crm-expert-claims-800757220,about-us/newsroom
news/customer-management/social-crm-helps-foster-leverage-customer-feedback-800654028,about-us/newsroom
news/customer-management/social-crm-key-to-industry-recognition-in-2012-800656878,about-us/newsroom
news/customer-management/social-crm-market-growing-rapidly-800782856,about-us/newsroom
news/customer-management/social-crm-market-to-reach-2-1-billion-in-2012-800780282,about-us/newsroom
news/customer-management/social-crm-value-likely-to-increase-expert-claims-800802406,about-us/newsroom
news/customer-management/social-media-creating-opportunities-for-enterprise-collaboration-800311016,about-us/newsroom
news/customer-management/strategy-critical-to-effective-social-media-in-the-contact-center-800797134,about-us/newsroom
news/customer-management/survey-finds-that-crm-increases-selling-time-and-overall-productivity-800921434,about-us/newsroom
news/customer-management/the-future-of-crm-lies-in-mobile-adaptability-800926486,about-us/newsroom
news/customer-management/two-way-communication-key-to-effective-social-crm-800648009,about-us/newsroom
news/customer-management/users-can-dictate-crm-updates-800532413,about-us/newsroom
news/customer-management/virtual-training-programs-generating-results-for-contact-centers-800930913,about-us/newsroom
news/enterprise-management,about-us/newsroom
news/enterprise-management/cebu-city-on-the-map-as-outsourcing-hotspot-800471991,about-us/newsroom
news/enterprise-management/clarifying-the-confusion-between-ecm-and-bpm-strategies-800567059,about-us/newsroom
news/enterprise-management/companies-taking-close-look-at-bpm-800564269,about-us/newsroom
news/enterprise-management/data-privacy-law-enacted-in-the-philippines-800848712,about-us/newsroom
news/enterprise-management/determining-the-right-bpo-option-800881139,about-us/newsroom
news/enterprise-management/filipino-bpo-leaders-request-more-cooperation-800450003,about-us/newsroom
news/enterprise-management/indonesia-investing-strongly-in-it-solutions-800831057,about-us/newsroom
news/enterprise-management/international-business-leaders-meet-for-outsourcing-summit-in-china-800514409,about-us/newsroom
news/enterprise-management/jamaica-aims-to-double-it-bpo-labor-force-800569832,about-us/newsroom
news/enterprise-management/rockefeller-foundation-ghana-boasts-high-potential-bpo-market-800534026,about-us/newsroom
news/enterprise-management/study-media-sector-among-most-active-for-outsourcing-plans-800719533,about-us/newsroom
news/enterprise-management/vertical-business-process-outsourcing-800772008,about-us/newsroom
news/events,about-us/newsroom
news/events/events/iqpc-call-center-week,about-us/newsroom
news/events/events/iqpc-call-center-week,about-us/newsroom
news/in-the-news,about-us/newsroom
news/learning-services,about-us/newsroom
news/learning-services/how-to-diversify-a-call-center-training-program-800424286,about-us/newsroom
news/learning-services/training-is-a-key-ingredient-to-bpo-staffing-800393362,about-us/newsroom
news/press-releases,about-us/newsroom
news/revenue-generation/outsourcing-opportunities-in-nearshore-american-countries-800765034,about-us/newsroom
news/revenue-generation/utilizing-contact-centers-to-generate-sales-leads-800837130,about-us/newsroom
solutions/customer-growth-services,about-us/newsroom
solutions/customer-innovation,about-us/newsroom
solutions/customer-innovation/customer-innovation-products,about-us/newsroom
solutions/customer-strategy-services,about-us/newsroom
solutions/customer-technology-services,about-us/newsroom
solutions/enterprise-innovation,
solutions/hosted-technology,
solutions/learning-innovation,
solutions/nps-innovation,
solutions/professional-services,
solutions/revenue-generation,
solutions/technology-innovation,
